dept_id,Department,parent_dept_id,Parent
7,PRINCIPAL'S OFFICE,,
16,FACULTY OF COMPUTING & INFORMATICS,,
23,FACULTY OF ENTREPRENEURSHIP & SMALL BUSINESS MANAGEMENT,,
24,FACULTY OF BUSINESS ADMINISTRATION,,
30,FACULTY OF VOCATIONAL AND DISTANCE EDUCATION,,
31,FACULTY OF MANAGEMENT,,
32,FACULTY OF GRADUATE STUDIES AND RESEARCH (FGSR),,
33,"FACULTY OF ECONOMICS, ENERGY AND MANAGEMENT SCIENCE",,
34,FACULTY OF MARKETING & INTERNATIONAL BUSINESS,,
45,E-LEARNING,,
46,DEPUTY PRINCIPAL'S OFFICE,,
57,ESTATES AND WORKS,,
58,LEADERSHIP CENTER,,
60,PUBLICATION UNIT,,
62,STRATEGY & PROJECTS,,
63,HEALTH SERVICES CENTRE,,
66,SCHOOL REGISTRAR'S OFFICE,,
67,SECURITY SECTION ,,
69,DIRECTORATE OF QUALITY ASSURANCE,,
74,ICT CENTRE,,
75,SCHOOL LIBRARIAN’S OFFICE,,
76,SCHOOL SECRETARY'S OFFICE,,
78,AFRICAN CENTRE FOR LIGHTENING & ELECTROMAGNETICS,,
80,DEAN OF STUDENTS' OFFICE,,
81,ST JAMES CHAPEL,,
83,PUBLIC RELATIONS & PROMOTIONS OFFICE,,
84,ST. CHARLES LWANGA CATHOLIC COMMUNITY,,
87,MUBS REGIONAL CAMPUS-MBALE,,
97,MANAGEMENT OF INFORMATION SYSTEM(MIS),,
101,MUBS REGIONAL CAMPUS-JINJA,,
102,MUBS REGIONAL CAMPUS MBARARA,,
103,MUBS REGIONAL CAMPUS-ARUA,,
104,"FACULTY OF TOURISM, HOSPITALITY & LANGUAGES",,
106,PROCUREMENT AND DISPOSAL UNIT,,
113,FACULTY OF PROCUREMENT & LOGISTICS MANAGEMENT,,
120,"ENTREPRENEURSHIP, INNOVATION AND INCUBATION CENTRE",,
121,DISABILITY AND RESOURCE LEARNING CENTRE,,
124,INTERNAL AUDIT DIRECTORATE,,
129,CHAPLAINCIES,,
131,LANGUAGES CENTRE,,
132,SCHOOL BURSAR’S OFFICE,,
175,OFFICE OF IMAM,,
179,FACULTY OF SCIENCE EDUCATION,,
181,STUDENTS COUNSELLING &DRUGS UNIT,,
190,DIRECTORATE OF LEGAL AFFAIRS,,
193,BOARD - RBS,,
6,HUMAN RESOURCE DIRECTORATE,,
122,ENVIRONMENTAL MANAGEMENT UNIT,7,PRINCIPAL'S OFFICE
125,MANAGEMENT DEVELOPMENT SECTION,7,PRINCIPAL'S OFFICE
126,CONTRACTS MANAGEMENT,7,PRINCIPAL'S OFFICE
130,MICRO FINANCE CENTRE,7,PRINCIPAL'S OFFICE
177,STUDENTS' AFFAIRS SECTION,7,PRINCIPAL'S OFFICE
184,RISK UNIT,7,PRINCIPAL'S OFFICE
27,DEPARTMENT OF APPLIED COMPUTING & INFORMATION TECHNOLOGY,16,FACULTY OF COMPUTING & INFORMATICS
28,DEPARTMENT OF INFORMATION SYSTEMS,16,FACULTY OF COMPUTING & INFORMATICS
112,DEPARTMENT OF COMPUTER SCIENCE AND ENGINEERING,16,FACULTY OF COMPUTING & INFORMATICS
18,FACULTY OF COMMERCE,,
36,DEPARTMENT OF ACCOUNTING,18,FACULTY OF COMMERCE
37,DEPARTMENT OF FINANCE,18,FACULTY OF COMMERCE
38,DEPARTMENT OF BUSINESS LAW,18,FACULTY OF COMMERCE
107,DEPARTMENT OF AUDITING & TAXATION,18,FACULTY OF COMMERCE
25,DEPARTMENT OF SMALL BUSINESS MGT,23,FACULTY OF ENTREPRENEURSHIP & SMALL BUSINESS MANAGEMENT
26,DEPARTMENT OF ENTREPRENEURSHIP & INNOVATION,23,FACULTY OF ENTREPRENEURSHIP & SMALL BUSINESS MANAGEMENT
111,PROJECT & SMALL BUSINESS MANAGEMENT,23,FACULTY OF ENTREPRENEURSHIP & SMALL BUSINESS MANAGEMENT
108,DEPARTMENT OF COMMUNICATION,24,FACULTY OF BUSINESS ADMINISTRATION
109,DEPARTMENT OF BUSINESS ADMINISTRATION,24,FACULTY OF BUSINESS ADMINISTRATION
39,DEPARTMENT OF EDUCATION,30,FACULTY OF VOCATIONAL AND DISTANCE EDUCATION
43,DEPARTMENT OF HUMAN RESOURCE MANAGEMENT,31,FACULTY OF MANAGEMENT
44,DEPARTMENT OF LEADERSHIP & GOVERNANCE,31,FACULTY OF MANAGEMENT
105,DEPARTMENT OF MANAGEMENT,31,FACULTY OF MANAGEMENT
180,KNOWLEDGE FOR DEVELOPMENT CENTRE,31,FACULTY OF MANAGEMENT
40,DEPARTMENT OF ECONOMICS,33,"FACULTY OF ECONOMICS, ENERGY AND MANAGEMENT SCIENCE"
41,DEPARTMENT OF ENERGY SCIENCE AND TECHNOLOGY,33,"FACULTY OF ECONOMICS, ENERGY AND MANAGEMENT SCIENCE"
42,DEPARTMENT OF MANAGEMENT SCIENCE,33,"FACULTY OF ECONOMICS, ENERGY AND MANAGEMENT SCIENCE"
189,ECONOMIC FORUM,33,"FACULTY OF ECONOMICS, ENERGY AND MANAGEMENT SCIENCE"
116,DEPARTMENT OF MARKETING AND MEDIA STUDIES,34,FACULTY OF MARKETING & INTERNATIONAL BUSINESS
117,INTERNATIONAL BUSINESS AND TRADE,34,FACULTY OF MARKETING & INTERNATIONAL BUSINESS
61,CAREER AND SKILLS DEVELOPMENT CENTRE,66,SCHOOL REGISTRAR'S OFFICE
127,ALUMNI,66,SCHOOL REGISTRAR'S OFFICE
82,EXAMINATIONS UNIT,69,DIRECTORATE OF QUALITY ASSURANCE
59,CLEANING & TEACHING EQUIPMENT,76,SCHOOL SECRETARY'S OFFICE
77,SPORTS TUTOR'S OFFICE,80,DEAN OF STUDENTS' OFFICE
172,DEPARTMENT OF ACCOUNTING AND FINANCE,87,MUBS REGIONAL CAMPUS-MBALE
173,DEPARTMENT OF MARKETING AND MANAGEMENT,87,MUBS REGIONAL CAMPUS-MBALE
186,SECURITY SECTION,87,MUBS REGIONAL CAMPUS-MBALE
170,DEPARTMENT OF ACCOUNTING AND FINANCE,101,MUBS REGIONAL CAMPUS-JINJA
171,DEPARTMENT OF MARKETING AND MANAGEMENT,101,MUBS REGIONAL CAMPUS-JINJA
188,SECURITY SECTION,101,MUBS REGIONAL CAMPUS-JINJA
168,DEPARTMENT OF ACCOUNTING AND FINANCE,102,MUBS REGIONAL CAMPUS MBARARA
169,DEPARTMENT OF MARKETING AND MANAGEMENT,102,MUBS REGIONAL CAMPUS MBARARA
185,SECURITY SECTION,102,MUBS REGIONAL CAMPUS MBARARA
166,DEPARTMENT OF ACCOUNTING AND FINANCE,103,MUBS REGIONAL CAMPUS-ARUA
167,DEPARTMENT OF MARKETING AND MANAGEMENT,103,MUBS REGIONAL CAMPUS-ARUA
187,SECURITY SECTION,103,MUBS REGIONAL CAMPUS-ARUA
118,"DEPARTMENT OF LEISURE, EVENTS & HOSPITALITY MANAGEMENT",104,"FACULTY OF TOURISM, HOSPITALITY & LANGUAGES"
119,DEPARTMENT OF BUSINESS LANGUAGES,104,"FACULTY OF TOURISM, HOSPITALITY & LANGUAGES"
174,DEPARTMENT OF TOURISM MANAGEMENT ,104,"FACULTY OF TOURISM, HOSPITALITY & LANGUAGES"
114,DEPARTMENT OF PROCUREMENT & SUPPLY CHAIN MANAGEMENT,113,FACULTY OF PROCUREMENT & LOGISTICS MANAGEMENT
115,DEPARTMENT OF TRANSPORT AND LOGISTICS MANAGEMENT,113,FACULTY OF PROCUREMENT & LOGISTICS MANAGEMENT
191,RBS OFFICE,193,BOARD - RBS
